platform,date,name
AtCoder,2026-05-23 21:00:00+0900,Ⓐ◉Tokio Marine & Nichido Fire Insurance Programming Contest 2026  (AtCoder Beginner Contest 459)
AtCoder,2026-05-29 19:00:00+0900,Ⓗ◉AtCoder Heuristic Contest 066
AtCoder,2026-05-30 21:00:00+0900,Ⓐ◉AtCoder Beginner Contest 460
AtCoder,2026-05-31 21:00:00+0900,Ⓐ◉AtCoder Regular Contest++ 221
AtCoder,2026-06-06 21:00:00+0900,Ⓐ◉AtCoder Beginner Contest 461
AtCoder,2026-06-13 21:00:00+0900,Ⓐ◉CodeQUEEN 2026 -qual- (AtCoder Beginner Contest 462)
AtCoder,2026-06-14 21:00:00+0900,Ⓐ◉AtCoder Regular Contest 222
AtCoder,2026-06-20 21:00:00+0900,Ⓐ◉AtCoder Beginner Contest 463
AtCoder,2026-06-27 21:00:00+0900,Ⓐ◉第七回日本最強プログラマー学生選手権～Advance～ -予選- （AtCoder Beginner Contest 464）
