platform,contest_name,start_date,duration_min
LeetCode,Weekly Contest 503,2026-05-24 08:00:00,90.0
LeetCode,Biweekly Contest 183,2026-05-23 20:00:00,90.0
LeetCode,Weekly Contest 502,2026-05-17 08:00:00,90.0
LeetCode,Weekly Contest 501,2026-05-10 08:00:00,90.0
LeetCode,Biweekly Contest 182,2026-05-09 20:00:00,90.0
LeetCode,Weekly Contest 500,2026-05-03 08:00:00,90.0
LeetCode,Weekly Contest 499,2026-04-26 08:00:00,90.0
LeetCode,Biweekly Contest 181,2026-04-25 20:00:00,90.0
LeetCode,Weekly Contest 498,2026-04-19 08:00:00,90.0
LeetCode,Weekly Contest 497,2026-04-12 08:00:00,90.0
LeetCode,Biweekly Contest 180,2026-04-11 20:00:00,90.0
LeetCode,Weekly Contest 496,2026-04-05 08:00:00,90.0
LeetCode,Weekly Contest 495,2026-03-29 08:00:00,90.0
LeetCode,Biweekly Contest 179,2026-03-28 20:00:00,90.0
LeetCode,Weekly Contest 494,2026-03-22 08:00:00,90.0
LeetCode,Weekly Contest 493,2026-03-15 08:00:00,90.0
LeetCode,Biweekly Contest 178,2026-03-14 20:00:00,90.0
LeetCode,Weekly Contest 492,2026-03-08 08:00:00,90.0
LeetCode,Weekly Contest 491,2026-03-01 08:00:00,90.0
LeetCode,Biweekly Contest 177,2026-02-28 20:00:00,90.0
LeetCode,Weekly Contest 490,2026-02-22 08:00:00,90.0
LeetCode,Weekly Contest 489,2026-02-15 08:00:00,90.0
LeetCode,Biweekly Contest 176,2026-02-14 20:00:00,90.0
LeetCode,Weekly Contest 488,2026-02-08 08:00:00,90.0
LeetCode,Weekly Contest 487,2026-02-01 08:00:00,90.0
LeetCode,Biweekly Contest 175,2026-01-31 20:00:00,90.0
LeetCode,Weekly Contest 486,2026-01-25 08:00:00,90.0
LeetCode,Weekly Contest 485,2026-01-18 08:00:00,90.0
LeetCode,Biweekly Contest 174,2026-01-17 20:00:00,90.0
LeetCode,Weekly Contest 484,2026-01-11 08:00:00,90.0
LeetCode,Weekly Contest 483,2026-01-04 08:00:00,140.0
LeetCode,Biweekly Contest 173,2026-01-03 20:00:00,90.0
LeetCode,Weekly Contest 482,2025-12-28 08:00:00,90.0
LeetCode,Weekly Contest 481,2025-12-21 08:00:00,90.0
LeetCode,Biweekly Contest 172,2025-12-20 20:00:00,90.0
LeetCode,Weekly Contest 480,2025-12-14 08:00:00,90.0
LeetCode,Weekly Contest 479,2025-12-07 08:00:00,90.0
LeetCode,Biweekly Contest 171,2025-12-06 20:00:00,90.0
LeetCode,Weekly Contest 478,2025-11-30 08:00:00,90.0
LeetCode,Weekly Contest 477,2025-11-23 08:00:00,90.0
LeetCode,Biweekly Contest 170,2025-11-22 20:00:00,90.0
LeetCode,Weekly Contest 476,2025-11-16 08:00:00,90.0
LeetCode,Weekly Contest 475,2025-11-09 08:00:00,90.0
LeetCode,Biweekly Contest 169,2025-11-08 20:00:00,90.0
LeetCode,Weekly Contest 474,2025-11-02 08:00:00,90.0
LeetCode,Weekly Contest 473,2025-10-26 08:00:00,90.0
LeetCode,Biweekly Contest 168,2025-10-25 20:00:00,90.0
LeetCode,Weekly Contest 472,2025-10-19 08:00:00,90.0
LeetCode,Weekly Contest 471,2025-10-12 08:00:00,90.0
LeetCode,Biweekly Contest 167,2025-10-11 20:00:00,90.0
LeetCode,Weekly Contest 470,2025-10-05 08:00:00,90.0
LeetCode,Weekly Contest 469,2025-09-28 08:00:00,90.0
LeetCode,Biweekly Contest 166,2025-09-27 20:00:00,90.0
LeetCode,Weekly Contest 468,2025-09-21 08:00:00,90.0
LeetCode,Weekly Contest 467,2025-09-14 08:00:00,90.0
LeetCode,Biweekly Contest 165,2025-09-13 20:00:00,90.0
LeetCode,Weekly Contest 466,2025-09-07 08:00:00,90.0
LeetCode,Weekly Contest 465,2025-08-31 08:00:00,90.0
LeetCode,Biweekly Contest 164,2025-08-30 20:00:00,90.0
LeetCode,Weekly Contest 464,2025-08-24 08:00:00,90.0
LeetCode,Weekly Contest 463,2025-08-17 08:00:00,90.0
LeetCode,Biweekly Contest 163,2025-08-16 20:00:00,90.0
LeetCode,Weekly Contest 462,2025-08-10 08:00:00,90.0
LeetCode,Weekly Contest 461,2025-08-03 08:00:00,90.0
LeetCode,Biweekly Contest 162,2025-08-02 20:00:00,90.0
LeetCode,Weekly Contest 460,2025-07-27 08:00:00,90.0
LeetCode,Weekly Contest 459,2025-07-20 08:00:00,90.0
LeetCode,Biweekly Contest 161,2025-07-19 20:00:00,90.0
LeetCode,Weekly Contest 458,2025-07-13 08:00:00,90.0
LeetCode,Weekly Contest 457,2025-07-06 08:00:00,90.0
LeetCode,Biweekly Contest 160,2025-07-05 20:00:00,90.0
LeetCode,Weekly Contest 456,2025-06-29 08:00:00,90.0
LeetCode,Weekly Contest 455,2025-06-22 08:00:00,90.0
LeetCode,Biweekly Contest 159,2025-06-21 20:00:00,90.0
LeetCode,Weekly Contest 454,2025-06-15 08:00:00,90.0
LeetCode,Weekly Contest 453,2025-06-08 08:00:00,90.0
LeetCode,Biweekly Contest 158,2025-06-07 20:00:00,90.0
LeetCode,Weekly Contest 452,2025-06-01 08:00:00,90.0
LeetCode,Contest Focus Mode,2025-05-28 14:00:00,900.0
LeetCode,Weekly Contest 451,2025-05-25 08:00:00,90.0
LeetCode,Biweekly Contest 157,2025-05-24 20:00:00,90.0
LeetCode,Weekly Contest 450,2025-05-18 08:00:00,90.0
LeetCode,Weekly Contest 449,2025-05-11 08:00:00,90.0
LeetCode,Biweekly Contest 156,2025-05-10 20:00:00,90.0
LeetCode,Weekly Contest 448,2025-05-04 08:00:00,90.0
LeetCode,Weekly Contest 447,2025-04-27 08:00:00,90.0
LeetCode,Biweekly Contest 155,2025-04-26 20:00:00,90.0
LeetCode,Weekly Contest 446,2025-04-20 08:00:00,90.0
LeetCode,Weekly Contest 445,2025-04-13 08:00:00,90.0
LeetCode,Biweekly Contest 154,2025-04-12 20:00:00,90.0
LeetCode,Weekly Contest 444,2025-04-06 08:00:00,90.0
LeetCode,Weekly Contest 443,2025-03-30 08:00:00,90.0
LeetCode,Biweekly Contest 153,2025-03-29 20:00:00,90.0
LeetCode,Weekly Contest 442,2025-03-23 08:00:00,90.0
LeetCode,Weekly Contest 441,2025-03-16 08:00:00,90.0
LeetCode,Biweekly Contest 152,2025-03-15 20:00:00,90.0
LeetCode,Weekly Contest 440,2025-03-09 08:00:00,90.0
LeetCode,Weekly Contest 439,2025-03-02 08:00:00,90.0
LeetCode,Biweekly Contest 151,2025-03-01 20:00:00,90.0
LeetCode,Weekly Contest 438,2025-02-23 08:00:00,90.0
LeetCode,Weekly Contest 437,2025-02-16 08:00:00,90.0
LeetCode,Biweekly Contest 150,2025-02-15 20:00:00,90.0
LeetCode,Weekly Contest 436,2025-02-09 08:00:00,90.0
LeetCode,Weekly Contest 435,2025-02-02 08:00:00,90.0
LeetCode,Biweekly Contest 149,2025-02-01 20:00:00,90.0
LeetCode,Weekly Contest 434,2025-01-26 08:00:00,90.0
LeetCode,Weekly Contest 433,2025-01-19 08:00:00,90.0
LeetCode,Biweekly Contest 148,2025-01-18 20:00:00,90.0
LeetCode,Weekly Contest 432,2025-01-12 08:00:00,90.0
LeetCode,Weekly Contest 431,2025-01-05 08:00:00,90.0
LeetCode,Biweekly Contest 147,2025-01-04 20:00:00,90.0
LeetCode,Weekly Contest 430,2024-12-29 08:00:00,90.0
LeetCode,Weekly Contest 429,2024-12-22 08:00:00,90.0
LeetCode,Biweekly Contest 146,2024-12-21 20:00:00,90.0
LeetCode,Weekly Contest 428,2024-12-15 08:00:00,90.0
LeetCode,Weekly Contest 427,2024-12-08 08:00:00,90.0
LeetCode,Biweekly Contest 145,2024-12-07 20:00:00,90.0
LeetCode,Weekly Contest 426,2024-12-01 08:00:00,90.0
LeetCode,Weekly Contest 425,2024-11-24 08:00:00,90.0
LeetCode,Biweekly Contest 144,2024-11-23 20:00:00,90.0
LeetCode,Weekly Contest 424,2024-11-17 08:00:00,90.0
LeetCode,Weekly Contest 423,2024-11-10 08:00:00,90.0
LeetCode,Biweekly Contest 143,2024-11-09 20:00:00,90.0
LeetCode,Weekly Contest 422,2024-11-03 08:00:00,90.0
LeetCode,Weekly Contest 421,2024-10-27 08:00:00,90.0
LeetCode,Biweekly Contest 142,2024-10-26 20:00:00,90.0
LeetCode,Weekly Contest 420,2024-10-20 08:00:00,90.0
LeetCode,Weekly Contest 419,2024-10-13 08:00:00,90.0
LeetCode,Biweekly Contest 141,2024-10-12 20:00:00,90.0
LeetCode,Weekly Contest 418,2024-10-06 08:00:00,90.0
LeetCode,Weekly Contest 417,2024-09-29 08:00:00,90.0
LeetCode,Biweekly Contest 140,2024-09-28 20:00:00,90.0
LeetCode,Weekly Contest 416,2024-09-22 08:00:00,90.0
LeetCode,Weekly Contest 415,2024-09-15 08:00:00,90.0
LeetCode,Biweekly Contest 139,2024-09-14 20:00:00,90.0
LeetCode,Weekly Contest 414,2024-09-08 08:00:00,90.0
LeetCode,Weekly Contest 413,2024-09-01 08:00:00,90.0
LeetCode,Biweekly Contest 138,2024-08-31 20:00:00,90.0
LeetCode,Weekly Contest 412,2024-08-25 08:00:00,90.0
LeetCode,Weekly Contest 411,2024-08-18 08:00:00,90.0
LeetCode,Biweekly Contest 137,2024-08-17 20:00:00,90.0
LeetCode,Weekly Contest 410,2024-08-11 08:00:00,90.0
LeetCode,Weekly Contest 409,2024-08-04 08:00:00,90.0
LeetCode,Biweekly Contest 136,2024-08-03 20:00:00,90.0
LeetCode,Weekly Contest 408,2024-07-28 08:00:00,90.0
LeetCode,Weekly Contest 407,2024-07-21 08:00:00,90.0
LeetCode,Biweekly Contest 135,2024-07-20 20:00:00,90.0
LeetCode,Weekly Contest 406,2024-07-14 08:00:00,90.0
LeetCode,Weekly Contest 405,2024-07-07 08:00:00,90.0
LeetCode,Biweekly Contest 134,2024-07-06 20:00:00,90.0
LeetCode,Weekly Contest 404,2024-06-30 08:00:00,90.0
LeetCode,Weekly Contest 403,2024-06-23 08:00:00,90.0
LeetCode,Biweekly Contest 133,2024-06-22 20:00:00,90.0
LeetCode,Weekly Contest 402,2024-06-16 08:00:00,90.0
LeetCode,Weekly Contest 401,2024-06-09 08:00:00,90.0
LeetCode,Biweekly Contest 132,2024-06-08 20:00:00,90.0
LeetCode,Weekly Contest 400,2024-06-02 08:00:00,90.0
LeetCode,Weekly Contest 399,2024-05-26 08:00:00,90.0
LeetCode,Biweekly Contest 131,2024-05-25 20:00:00,90.0
LeetCode,Weekly Contest 398,2024-05-19 08:00:00,90.0
LeetCode,Weekly Contest 397,2024-05-12 08:00:00,90.0
LeetCode,Biweekly Contest 130,2024-05-11 20:00:00,90.0
LeetCode,Weekly Contest 396,2024-05-05 08:00:00,90.0
LeetCode,Weekly Contest 395,2024-04-28 08:00:00,90.0
LeetCode,Biweekly Contest 129,2024-04-27 20:00:00,90.0
LeetCode,Weekly Contest 394,2024-04-21 08:00:00,90.0
LeetCode,Weekly Contest 393,2024-04-14 08:00:00,90.0
LeetCode,Biweekly Contest 128,2024-04-13 20:00:00,90.0
LeetCode,Weekly Contest 392,2024-04-07 08:00:00,90.0
LeetCode,Weekly Contest 391,2024-03-31 08:00:00,90.0
LeetCode,Biweekly Contest 127,2024-03-30 20:00:00,90.0
LeetCode,Weekly Contest 390,2024-03-24 08:00:00,90.0
LeetCode,Weekly Contest 389,2024-03-17 08:00:00,90.0
LeetCode,Biweekly Contest 126,2024-03-16 20:00:00,90.0
LeetCode,Weekly Contest 388,2024-03-10 08:00:00,90.0
LeetCode,Weekly Contest 387,2024-03-03 08:00:00,90.0
LeetCode,Biweekly Contest 125,2024-03-02 20:00:00,90.0
LeetCode,Weekly Contest 386,2024-02-25 08:00:00,90.0
LeetCode,Weekly Contest 385,2024-02-18 08:00:00,90.0
LeetCode,Biweekly Contest 124,2024-02-17 20:00:00,90.0
LeetCode,Weekly Contest 384,2024-02-11 08:00:00,90.0
LeetCode,Weekly Contest 383,2024-02-04 08:00:00,90.0
LeetCode,Biweekly Contest 123,2024-02-03 20:00:00,90.0
LeetCode,Weekly Contest 382,2024-01-28 08:00:00,90.0
LeetCode,Weekly Contest 381,2024-01-21 08:00:00,90.0
LeetCode,Biweekly Contest 122,2024-01-20 20:00:00,90.0
LeetCode,Weekly Contest 380,2024-01-14 08:00:00,90.0
LeetCode,Weekly Contest 379,2024-01-07 08:00:00,90.0
LeetCode,Biweekly Contest 121,2024-01-06 20:00:00,90.0
LeetCode,Weekly Contest 378,2023-12-31 08:00:00,90.0
LeetCode,Weekly Contest 377,2023-12-24 08:00:00,90.0
LeetCode,Biweekly Contest 120,2023-12-23 20:00:00,90.0
LeetCode,Weekly Contest 376,2023-12-17 08:00:00,90.0
LeetCode,Weekly Contest 375,2023-12-10 08:00:00,90.0
LeetCode,Biweekly Contest 119,2023-12-09 20:00:00,90.0
LeetCode,Weekly Contest 374,2023-12-03 08:00:00,90.0
LeetCode,Weekly Contest 373,2023-11-26 08:00:00,90.0
LeetCode,Biweekly Contest 118,2023-11-25 20:00:00,90.0
LeetCode,Weekly Contest 372,2023-11-19 08:00:00,90.0
LeetCode,Weekly Contest 371,2023-11-12 08:00:00,90.0
LeetCode,Biweekly Contest 117,2023-11-11 20:00:00,90.0
LeetCode,Weekly Contest 370,2023-11-05 08:00:00,90.0
LeetCode,Weekly Contest 369,2023-10-29 08:00:00,90.0
LeetCode,Biweekly Contest 116,2023-10-28 20:00:00,90.0
LeetCode,Weekly Contest 368,2023-10-22 08:00:00,90.0
LeetCode,Weekly Contest 367,2023-10-15 08:00:00,90.0
LeetCode,Biweekly Contest 115,2023-10-14 20:00:00,90.0
LeetCode,Weekly Contest 366,2023-10-08 08:00:00,90.0
LeetCode,Weekly Contest 365,2023-10-01 08:00:00,90.0
LeetCode,Biweekly Contest 114,2023-09-30 20:00:00,90.0
LeetCode,Weekly Contest 364,2023-09-24 08:00:00,90.0
LeetCode,Weekly Contest 363,2023-09-17 08:00:00,90.0
LeetCode,Biweekly Contest 113,2023-09-16 20:00:00,90.0
LeetCode,Weekly Contest 362,2023-09-10 08:00:00,90.0
LeetCode,Weekly Contest 361,2023-09-03 08:00:00,90.0
LeetCode,Biweekly Contest 112,2023-09-02 20:00:00,90.0
LeetCode,Weekly Contest 360,2023-08-27 08:00:00,90.0
LeetCode,Weekly Contest 359,2023-08-20 08:00:00,90.0
LeetCode,Biweekly Contest 111,2023-08-19 20:00:00,90.0
LeetCode,Weekly Contest 358,2023-08-13 08:00:00,90.0
LeetCode,Weekly Contest 357,2023-08-06 08:00:00,90.0
LeetCode,Biweekly Contest 110,2023-08-05 20:00:00,90.0
LeetCode,Weekly Contest 356,2023-07-30 08:00:00,90.0
LeetCode,Weekly Contest 355,2023-07-23 08:00:00,90.0
LeetCode,Biweekly Contest 109,2023-07-22 20:00:00,90.0
LeetCode,Weekly Contest 354,2023-07-16 08:00:00,90.0
LeetCode,Weekly Contest 353,2023-07-09 08:00:00,90.0
LeetCode,Biweekly Contest 108,2023-07-08 20:00:00,90.0
LeetCode,Weekly Contest 352,2023-07-02 08:00:00,90.0
LeetCode,Weekly Contest 351,2023-06-25 08:00:00,90.0
LeetCode,Biweekly Contest 107,2023-06-24 20:00:00,90.0
LeetCode,Weekly Contest 350,2023-06-18 08:00:00,90.0
LeetCode,Weekly Contest 349,2023-06-11 08:00:00,90.0
LeetCode,Biweekly Contest 106,2023-06-10 20:00:00,90.0
LeetCode,Weekly Contest 348,2023-06-04 08:00:00,90.0
LeetCode,Weekly Contest 347,2023-05-28 08:00:00,90.0
LeetCode,Biweekly Contest 105,2023-05-27 20:00:00,90.0
LeetCode,Weekly Contest 346,2023-05-21 08:00:00,90.0
LeetCode,Weekly Contest 345,2023-05-14 08:00:00,90.0
LeetCode,Biweekly Contest 104,2023-05-13 20:00:00,90.0
LeetCode,Weekly Contest 344,2023-05-07 08:00:00,90.0
LeetCode,Weekly Contest 343,2023-04-30 08:00:00,90.0
LeetCode,Biweekly Contest 103,2023-04-29 20:00:00,90.0
LeetCode,Weekly Contest 342,2023-04-23 08:00:00,90.0
LeetCode,Weekly Contest 341,2023-04-16 08:00:00,90.0
LeetCode,Biweekly Contest 102,2023-04-15 20:00:00,90.0
LeetCode,Weekly Contest 340,2023-04-09 08:00:00,90.0
LeetCode,Weekly Contest 339,2023-04-02 08:00:00,90.0
LeetCode,Biweekly Contest 101,2023-04-01 20:00:00,90.0
LeetCode,Weekly Contest 338,2023-03-26 08:00:00,90.0
LeetCode,Weekly Contest 337,2023-03-19 08:00:00,90.0
LeetCode,Biweekly Contest 100,2023-03-18 20:00:00,90.0
LeetCode,Weekly Contest 336,2023-03-12 08:00:00,90.0
LeetCode,Weekly Contest 335,2023-03-05 08:00:00,90.0
LeetCode,Biweekly Contest 99,2023-03-04 20:00:00,90.0
LeetCode,Weekly Contest 334,2023-02-26 08:00:00,90.0
LeetCode,Weekly Contest 333,2023-02-19 08:00:00,90.0
LeetCode,Biweekly Contest 98,2023-02-18 20:00:00,90.0
LeetCode,Weekly Contest 332,2023-02-12 08:00:00,90.0
LeetCode,Weekly Contest 331,2023-02-05 08:00:00,90.0
LeetCode,Biweekly Contest 97,2023-02-04 20:00:00,90.0
LeetCode,Weekly Contest 330,2023-01-29 08:00:00,90.0
LeetCode,Weekly Contest 329,2023-01-22 08:00:00,90.0
LeetCode,Biweekly Contest 96,2023-01-21 20:00:00,90.0
LeetCode,Weekly Contest 328,2023-01-15 08:00:00,90.0
LeetCode,Weekly Contest 327,2023-01-08 08:00:00,90.0
LeetCode,Biweekly Contest 95,2023-01-07 20:00:00,90.0
LeetCode,Weekly Contest 326,2023-01-01 08:00:00,90.0
LeetCode,Weekly Contest 325,2022-12-25 08:00:00,90.0
LeetCode,Biweekly Contest 94,2022-12-24 20:00:00,90.0
LeetCode,Weekly Contest 324,2022-12-18 08:00:00,90.0
LeetCode,Weekly Contest 323,2022-12-11 08:00:00,90.0
LeetCode,Biweekly Contest 93,2022-12-10 20:00:00,90.0
LeetCode,Weekly Contest 322,2022-12-04 08:00:00,90.0
LeetCode,Weekly Contest 321,2022-11-27 08:00:00,90.0
LeetCode,Biweekly Contest 92,2022-11-26 20:00:00,90.0
LeetCode,Weekly Contest 320,2022-11-20 08:00:00,90.0
LeetCode,Weekly Contest 319,2022-11-13 08:00:00,90.0
LeetCode,Biweekly Contest 91,2022-11-12 20:00:00,90.0
LeetCode,Weekly Contest 318,2022-11-06 08:00:00,90.0
LeetCode,Weekly Contest 317,2022-10-30 08:00:00,90.0
LeetCode,Biweekly Contest 90,2022-10-29 20:00:00,90.0
LeetCode,Weekly Contest 316,2022-10-23 08:00:00,90.0
LeetCode,Weekly Contest 315,2022-10-16 08:00:00,90.0
LeetCode,Biweekly Contest 89,2022-10-15 20:00:00,90.0
LeetCode,Weekly Contest 314,2022-10-09 08:00:00,90.0
LeetCode,Weekly Contest 313,2022-10-02 08:00:00,90.0
LeetCode,Biweekly Contest 88,2022-10-01 20:00:00,90.0
LeetCode,Weekly Contest 312,2022-09-25 08:00:00,90.0
LeetCode,Weekly Contest 311,2022-09-18 08:00:00,90.0
LeetCode,Biweekly Contest 87,2022-09-17 20:00:00,90.0
LeetCode,Weekly Contest 310,2022-09-11 08:00:00,90.0
LeetCode,Weekly Contest 309,2022-09-04 08:00:00,90.0
LeetCode,Biweekly Contest 86,2022-09-03 20:00:00,90.0
LeetCode,Weekly Contest 308,2022-08-28 08:00:00,90.0
LeetCode,Weekly Contest 307,2022-08-21 08:00:00,90.0
LeetCode,Biweekly Contest 85,2022-08-20 20:00:00,90.0
LeetCode,Weekly Contest 306,2022-08-14 08:00:00,90.0
LeetCode,Weekly Contest 305,2022-08-07 08:00:00,90.0
LeetCode,Biweekly Contest 84,2022-08-06 20:00:00,90.0
LeetCode,Weekly Contest 304,2022-07-31 08:00:00,90.0
LeetCode,Weekly Contest 303,2022-07-24 08:00:00,90.0
LeetCode,Biweekly Contest 83,2022-07-23 20:00:00,90.0
LeetCode,Weekly Contest 302,2022-07-17 08:00:00,90.0
LeetCode,Weekly Contest 301,2022-07-10 08:00:00,90.0
LeetCode,Biweekly Contest 82,2022-07-09 20:00:00,90.0
LeetCode,Weekly Contest 300,2022-07-03 08:00:00,90.0
LeetCode,Weekly Contest 299,2022-06-26 08:00:00,90.0
LeetCode,Biweekly Contest 81,2022-06-25 20:00:00,90.0
LeetCode,Weekly Contest 298,2022-06-19 08:00:00,90.0
LeetCode,Weekly Contest 297,2022-06-12 08:00:00,90.0
LeetCode,Biweekly Contest 80,2022-06-11 20:00:00,90.0
LeetCode,Weekly Contest 296,2022-06-05 08:00:00,90.0
LeetCode,Weekly Contest 295,2022-05-29 08:00:00,90.0
LeetCode,Biweekly Contest 79,2022-05-28 20:00:00,90.0
LeetCode,Weekly Contest 294,2022-05-22 08:00:00,90.0
LeetCode,Weekly Contest 293,2022-05-15 08:00:00,90.0
LeetCode,Biweekly Contest 78,2022-05-14 20:00:00,90.0
LeetCode,Weekly Contest 292,2022-05-08 08:00:00,90.0
LeetCode,Weekly Contest 291,2022-05-01 08:00:00,90.0
LeetCode,Biweekly Contest 77,2022-04-30 20:00:00,90.0
LeetCode,Weekly Contest 290,2022-04-24 08:00:00,90.0
LeetCode,Weekly Contest 289,2022-04-17 08:00:00,90.0
LeetCode,Biweekly Contest 76,2022-04-16 20:00:00,90.0
LeetCode,Weekly Contest 288,2022-04-10 08:00:00,90.0
LeetCode,Weekly Contest 287,2022-04-03 08:00:00,90.0
LeetCode,Biweekly Contest 75,2022-04-02 20:00:00,90.0
LeetCode,Weekly Contest 286,2022-03-27 08:00:00,90.0
LeetCode,Weekly Contest 285,2022-03-20 08:00:00,90.0
LeetCode,Biweekly Contest 74,2022-03-19 20:00:00,90.0
LeetCode,Weekly Contest 284,2022-03-13 08:00:00,90.0
LeetCode,Weekly Contest 283,2022-03-06 08:00:00,90.0
LeetCode,Biweekly Contest 73,2022-03-05 20:00:00,90.0
LeetCode,Weekly Contest 282,2022-02-27 08:00:00,90.0
LeetCode,Weekly Contest 281,2022-02-20 08:00:00,90.0
LeetCode,Biweekly Contest 72,2022-02-19 20:00:00,90.0
LeetCode,Weekly Contest 280,2022-02-13 08:00:00,90.0
LeetCode,Weekly Contest 279,2022-02-06 08:00:00,90.0
LeetCode,Biweekly Contest 71,2022-02-05 20:00:00,90.0
LeetCode,Weekly Contest 278,2022-01-30 08:00:00,90.0
LeetCode,Weekly Contest 277,2022-01-23 08:00:00,90.0
LeetCode,Biweekly Contest 70,2022-01-22 20:00:00,90.0
LeetCode,Weekly Contest 276,2022-01-16 08:00:00,90.0
LeetCode,Weekly Contest 275,2022-01-09 08:00:00,90.0
LeetCode,Biweekly Contest 69,2022-01-08 20:00:00,90.0
LeetCode,Weekly Contest 274,2022-01-02 08:00:00,90.0
LeetCode,Weekly Contest 273,2021-12-26 08:00:00,90.0
LeetCode,Biweekly Contest 68,2021-12-25 20:00:00,90.0
LeetCode,Weekly Contest 272,2021-12-19 08:00:00,90.0
LeetCode,Weekly Contest 271,2021-12-12 08:00:00,90.0
LeetCode,Biweekly Contest 67,2021-12-11 20:00:00,90.0
LeetCode,Weekly Contest 270,2021-12-05 08:00:00,90.0
LeetCode,Weekly Contest 269,2021-11-28 08:00:00,90.0
LeetCode,Biweekly Contest 66,2021-11-27 20:00:00,90.0
LeetCode,Weekly Contest 268,2021-11-21 08:00:00,90.0
LeetCode,Weekly Contest 267,2021-11-14 08:00:00,90.0
LeetCode,Biweekly Contest 65,2021-11-13 20:00:00,90.0
LeetCode,Weekly Contest 266,2021-11-07 08:00:00,90.0
LeetCode,Weekly Contest 265,2021-10-31 08:00:00,90.0
LeetCode,Biweekly Contest 64,2021-10-30 20:00:00,90.0
LeetCode,Weekly Contest 264,2021-10-24 08:00:00,90.0
LeetCode,Weekly Contest 263,2021-10-17 08:00:00,90.0
LeetCode,Biweekly Contest 63,2021-10-16 20:00:00,90.0
LeetCode,Weekly Contest 262,2021-10-10 08:00:00,90.0
LeetCode,Weekly Contest 261,2021-10-03 08:00:00,90.0
LeetCode,Biweekly Contest 62,2021-10-02 20:00:00,90.0
LeetCode,Weekly Contest 260,2021-09-26 08:00:00,90.0
LeetCode,Weekly Contest 259,2021-09-19 08:00:00,90.0
LeetCode,Biweekly Contest 61,2021-09-18 20:00:00,90.0
LeetCode,Weekly Contest 258,2021-09-12 08:00:00,90.0
LeetCode,Weekly Contest 257,2021-09-05 08:00:00,90.0
LeetCode,Biweekly Contest 60,2021-09-04 20:00:00,90.0
LeetCode,Weekly Contest 256,2021-08-29 08:00:00,90.0
LeetCode,Weekly Contest 255,2021-08-22 08:00:00,90.0
LeetCode,Biweekly Contest 59,2021-08-21 20:00:00,90.0
LeetCode,Weekly Contest 254,2021-08-15 08:00:00,90.0
LeetCode,Weekly Contest 253,2021-08-08 08:00:00,90.0
LeetCode,Biweekly Contest 58,2021-08-07 20:00:00,90.0
LeetCode,Weekly Contest 252,2021-08-01 08:00:00,90.0
LeetCode,Weekly Contest 251,2021-07-25 08:00:00,90.0
LeetCode,Biweekly Contest 57,2021-07-24 20:00:00,90.0
LeetCode,Weekly Contest 250,2021-07-18 08:00:00,90.0
LeetCode,Weekly Contest 249,2021-07-11 08:00:00,90.0
LeetCode,Biweekly Contest 56,2021-07-10 20:00:00,90.0
LeetCode,Weekly Contest 248,2021-07-04 08:00:00,90.0
LeetCode,Weekly Contest 247,2021-06-27 08:00:00,90.0
LeetCode,Biweekly Contest 55,2021-06-26 20:00:00,90.0
LeetCode,Weekly Contest 246,2021-06-20 08:00:00,90.0
LeetCode,Weekly Contest 245,2021-06-13 08:00:00,90.0
LeetCode,Biweekly Contest 54,2021-06-12 20:00:00,90.0
LeetCode,Weekly Contest 244,2021-06-06 08:00:00,90.0
LeetCode,Weekly Contest 243,2021-05-30 08:00:00,90.0
LeetCode,Biweekly Contest 53,2021-05-29 20:00:00,90.0
LeetCode,Weekly Contest 242,2021-05-23 08:00:00,90.0
LeetCode,Weekly Contest 241,2021-05-16 08:00:00,90.0
LeetCode,Biweekly Contest 52,2021-05-15 20:00:00,90.0
LeetCode,Weekly Contest 240,2021-05-09 08:00:00,90.0
LeetCode,Weekly Contest 239,2021-05-02 08:00:00,90.0
LeetCode,Biweekly Contest 51,2021-05-01 20:00:00,90.0
LeetCode,Weekly Contest 238,2021-04-25 08:00:00,90.0
LeetCode,Weekly Contest 237,2021-04-18 08:00:00,90.0
LeetCode,Biweekly Contest 50,2021-04-17 20:00:00,90.0
LeetCode,Weekly Contest 236,2021-04-11 08:00:00,90.0
LeetCode,Weekly Contest 235,2021-04-04 08:00:00,90.0
LeetCode,Biweekly Contest 49,2021-04-03 20:00:00,90.0
LeetCode,Weekly Contest 234,2021-03-28 08:00:00,90.0
LeetCode,Weekly Contest 233,2021-03-21 08:00:00,90.0
LeetCode,Biweekly Contest 48,2021-03-20 20:00:00,90.0
LeetCode,Weekly Contest 232,2021-03-14 08:00:00,90.0
LeetCode,Weekly Contest 231,2021-03-07 08:00:00,90.0
LeetCode,Biweekly Contest 47,2021-03-06 20:00:00,90.0
LeetCode,Weekly Contest 230,2021-02-28 08:00:00,90.0
LeetCode,Weekly Contest 229,2021-02-21 08:00:00,90.0
LeetCode,Biweekly Contest 46,2021-02-20 20:00:00,90.0
LeetCode,Weekly Contest 228,2021-02-14 08:00:00,90.0
LeetCode,Weekly Contest 227,2021-02-07 08:00:00,90.0
LeetCode,Biweekly Contest 45,2021-02-06 20:00:00,90.0
LeetCode,Weekly Contest 226,2021-01-31 08:00:00,90.0
LeetCode,Weekly Contest 225,2021-01-24 08:00:00,90.0
LeetCode,Biweekly Contest 44,2021-01-23 20:00:00,90.0
LeetCode,Weekly Contest 224,2021-01-17 08:00:00,90.0
LeetCode,Weekly Contest 223,2021-01-10 08:00:00,90.0
LeetCode,Biweekly Contest 43,2021-01-09 20:00:00,90.0
LeetCode,Weekly Contest 222,2021-01-03 08:00:00,90.0
LeetCode,Weekly Contest 221,2020-12-27 08:00:00,90.0
LeetCode,Biweekly Contest 42,2020-12-26 20:00:00,90.0
LeetCode,Weekly Contest 220,2020-12-20 08:00:00,90.0
LeetCode,Weekly Contest 219,2020-12-13 08:00:00,90.0
LeetCode,Biweekly Contest 41,2020-12-12 20:00:00,90.0
LeetCode,Weekly Contest 218,2020-12-06 08:00:00,90.0
LeetCode,Weekly Contest 217,2020-11-29 08:00:00,90.0
LeetCode,Biweekly Contest 40,2020-11-28 20:00:00,90.0
LeetCode,Weekly Contest 216,2020-11-22 08:00:00,90.0
LeetCode,Weekly Contest 215,2020-11-15 08:00:00,90.0
LeetCode,Biweekly Contest 39,2020-11-14 20:00:00,90.0
LeetCode,Weekly Contest 214,2020-11-08 08:00:00,90.0
LeetCode,Weekly Contest 213,2020-11-01 08:00:00,90.0
LeetCode,Biweekly Contest 38,2020-10-31 20:00:00,90.0
LeetCode,Weekly Contest 212,2020-10-25 08:00:00,90.0
LeetCode,Weekly Contest 211,2020-10-18 08:00:00,90.0
LeetCode,Biweekly Contest 37,2020-10-17 20:00:00,90.0
LeetCode,Weekly Contest 210,2020-10-11 08:00:00,90.0
LeetCode,Weekly Contest 209,2020-10-04 08:00:00,90.0
LeetCode,Biweekly Contest 36,2020-10-03 20:00:00,90.0
LeetCode,Weekly Contest 208,2020-09-27 08:00:00,90.0
LeetCode,Weekly Contest 207,2020-09-20 08:00:00,90.0
LeetCode,Biweekly Contest 35,2020-09-19 20:00:00,90.0
LeetCode,Weekly Contest 206,2020-09-13 08:00:00,90.0
LeetCode,Weekly Contest 205,2020-09-06 08:00:00,90.0
LeetCode,Biweekly Contest 34,2020-09-05 20:00:00,90.0
LeetCode,Weekly Contest 204,2020-08-30 08:00:00,90.0
LeetCode,Weekly Contest 203,2020-08-23 08:00:00,90.0
LeetCode,Biweekly Contest 33,2020-08-22 20:00:00,90.0
LeetCode,Weekly Contest 202,2020-08-16 08:00:00,90.0
LeetCode,Weekly Contest 201,2020-08-09 08:00:00,90.0
LeetCode,Biweekly Contest 32,2020-08-08 20:00:00,90.0
LeetCode,Weekly Contest 200,2020-08-02 08:00:00,90.0
LeetCode,Weekly Contest 199,2020-07-26 08:00:00,90.0
LeetCode,Biweekly Contest 31,2020-07-25 20:00:00,90.0
LeetCode,Weekly Contest 198,2020-07-19 08:00:00,90.0
LeetCode,Weekly Contest 197,2020-07-12 08:00:00,90.0
LeetCode,Biweekly Contest 30,2020-07-11 20:00:00,90.0
LeetCode,Weekly Contest 196,2020-07-05 08:00:00,90.0
LeetCode,Weekly Contest 195,2020-06-28 08:00:00,90.0
LeetCode,Biweekly Contest 29,2020-06-27 20:00:00,90.0
LeetCode,Weekly Contest 194,2020-06-21 08:00:00,90.0
LeetCode,Weekly Contest 193,2020-06-14 08:00:00,90.0
LeetCode,Biweekly Contest 28,2020-06-13 20:00:00,90.0
LeetCode,Weekly Contest 192,2020-06-07 08:00:00,90.0
LeetCode,Weekly Contest 191,2020-05-31 08:00:00,90.0
LeetCode,Biweekly Contest 27,2020-05-30 20:00:00,90.0
LeetCode,Weekly Contest 190,2020-05-24 08:00:00,90.0
LeetCode,Weekly Contest 189,2020-05-17 08:00:00,90.0
LeetCode,Biweekly Contest 26,2020-05-16 20:00:00,90.0
LeetCode,Weekly Contest 188,2020-05-10 08:00:00,90.0
LeetCode,Weekly Contest 187,2020-05-03 08:00:00,90.0
LeetCode,Biweekly Contest 25,2020-05-02 20:00:00,90.0
LeetCode,Weekly Contest 186,2020-04-26 08:00:00,90.0
LeetCode,Weekly Contest 185,2020-04-19 08:00:00,90.0
LeetCode,Biweekly Contest 24,2020-04-18 20:00:00,90.0
LeetCode,Weekly Contest 184,2020-04-12 08:00:00,90.0
LeetCode,Weekly Contest 183,2020-04-05 08:00:00,90.0
LeetCode,Biweekly Contest 23,2020-04-04 20:00:00,90.0
LeetCode,Weekly Contest 182,2020-03-29 08:00:00,90.0
LeetCode,Weekly Contest 181,2020-03-22 08:00:00,90.0
LeetCode,Biweekly Contest 22,2020-03-21 20:00:00,90.0
LeetCode,Weekly Contest 180,2020-03-15 08:00:00,90.0
LeetCode,Weekly Contest 179,2020-03-08 08:00:00,90.0
LeetCode,Biweekly Contest 21,2020-03-07 20:00:00,90.0
LeetCode,Weekly Contest 178,2020-03-01 08:00:00,90.0
LeetCode,Weekly Contest 177,2020-02-23 08:00:00,90.0
LeetCode,Biweekly Contest 20,2020-02-22 20:00:00,90.0
LeetCode,Weekly Contest 176,2020-02-16 08:00:00,90.0
LeetCode,Weekly Contest 175,2020-02-09 08:00:00,90.0
LeetCode,Biweekly Contest 19,2020-02-08 20:00:00,90.0
LeetCode,Weekly Contest 174,2020-02-02 08:00:00,90.0
LeetCode,Weekly Contest 173,2020-01-26 08:00:00,90.0
LeetCode,Biweekly Contest 18,2020-01-25 20:00:00,90.0
LeetCode,Weekly Contest 172,2020-01-19 08:00:00,90.0
LeetCode,Weekly Contest 171,2020-01-12 08:00:00,90.0
LeetCode,Biweekly Contest 17,2020-01-11 20:00:00,90.0
LeetCode,Weekly Contest 170,2020-01-05 08:00:00,90.0
LeetCode,Weekly Contest 169,2019-12-29 08:00:00,90.0
LeetCode,Biweekly Contest 16,2019-12-28 20:00:00,90.0
LeetCode,Weekly Contest 168,2019-12-22 08:00:00,90.0
LeetCode,Weekly Contest 167,2019-12-15 08:00:00,90.0
LeetCode,Biweekly Contest 15,2019-12-14 20:00:00,90.0
LeetCode,Weekly Contest 166,2019-12-08 08:00:00,90.0
LeetCode,Weekly Contest 165,2019-12-01 08:00:00,90.0
LeetCode,Biweekly Contest 14,2019-11-30 20:00:00,90.0
LeetCode,Weekly Contest 164,2019-11-24 08:00:00,90.0
LeetCode,Weekly Contest 163,2019-11-17 08:00:00,90.0
LeetCode,Biweekly Contest 13,2019-11-16 20:00:00,90.0
LeetCode,Weekly Contest 162,2019-11-10 08:00:00,90.0
LeetCode,Weekly Contest 161,2019-11-03 08:00:00,90.0
LeetCode,Biweekly Contest 12,2019-11-02 20:00:00,90.0
LeetCode,Weekly Contest 160,2019-10-27 08:00:00,90.0
LeetCode,Weekly Contest 159,2019-10-20 08:00:00,90.0
LeetCode,Biweekly Contest 11,2019-10-19 20:00:00,90.0
LeetCode,Weekly Contest 158,2019-10-13 08:00:00,90.0
LeetCode,Weekly Contest 157,2019-10-06 08:00:00,90.0
LeetCode,Biweekly Contest 10,2019-10-05 20:00:00,90.0
LeetCode,Weekly Contest 156,2019-09-29 08:00:00,90.0
LeetCode,Weekly Contest 155,2019-09-22 08:00:00,90.0
LeetCode,Biweekly Contest 9,2019-09-21 20:00:00,90.0
LeetCode,Weekly Contest 154,2019-09-15 08:00:00,90.0
LeetCode,Weekly Contest 153,2019-09-08 08:00:00,90.0
LeetCode,Biweekly Contest 8,2019-09-07 20:00:00,90.0
LeetCode,Weekly Contest 152,2019-09-01 08:00:00,90.0
LeetCode,Weekly Contest 151,2019-08-25 08:00:00,90.0
LeetCode,Biweekly Contest 7,2019-08-24 20:00:00,90.0
LeetCode,Weekly Contest 150,2019-08-18 08:00:00,90.0
LeetCode,Weekly Contest 149,2019-08-11 08:00:00,90.0
LeetCode,Biweekly Contest 6,2019-08-10 20:00:00,90.0
LeetCode,Weekly Contest 148,2019-08-04 08:00:00,90.0
LeetCode,Weekly Contest 147,2019-07-28 08:00:00,90.0
LeetCode,Biweekly Contest 5,2019-07-27 20:00:00,90.0
LeetCode,Weekly Contest 146,2019-07-21 08:00:00,90.0
LeetCode,Weekly Contest 145,2019-07-14 08:00:00,90.0
LeetCode,Biweekly Contest 4,2019-07-13 20:00:00,90.0
LeetCode,Weekly Contest 144,2019-07-07 08:00:00,90.0
LeetCode,Weekly Contest 143,2019-06-30 08:00:00,90.0
LeetCode,Biweekly Contest 3,2019-06-29 20:00:00,90.0
LeetCode,Weekly Contest 142,2019-06-23 08:00:00,90.0
LeetCode,Weekly Contest 141,2019-06-16 08:00:00,90.0
LeetCode,Biweekly Contest 2,2019-06-15 20:00:00,90.0
LeetCode,Weekly Contest 140,2019-06-09 08:00:00,90.0
LeetCode,Weekly Contest 139,2019-06-02 08:00:00,90.0
LeetCode,Biweekly Contest 1,2019-06-01 20:00:00,120.0
LeetCode,Weekly Contest 138,2019-05-26 08:00:00,90.0
LeetCode,Weekly Contest 137,2019-05-19 08:00:00,90.0
LeetCode,Weekly Contest 136,2019-05-12 08:00:00,90.0
LeetCode,Weekly Contest 135,2019-05-05 08:00:00,90.0
LeetCode,Weekly Contest 134,2019-04-28 08:00:00,90.0
LeetCode,Weekly Contest 133,2019-04-21 08:00:00,90.0
LeetCode,Weekly Contest 132,2019-04-14 08:00:00,90.0
LeetCode,Weekly Contest 131,2019-04-07 08:00:00,90.0
LeetCode,Weekly Contest 130,2019-03-31 08:00:00,90.0
LeetCode,Weekly Contest 129,2019-03-24 07:00:00,90.0
LeetCode,Weekly Contest 128,2019-03-17 08:00:00,90.0
LeetCode,Weekly Contest 127,2019-03-10 08:00:00,90.0
LeetCode,Weekly Contest 126,2019-03-03 08:00:00,90.0
LeetCode,Weekly Contest 125,2019-02-24 08:00:00,90.0
LeetCode,Weekly Contest 124,2019-02-17 08:00:00,90.0
LeetCode,Weekly Contest 123,2019-02-10 08:00:00,90.0
LeetCode,Weekly Contest 122,2019-02-03 08:00:00,90.0
LeetCode,Weekly Contest 121,2019-01-27 08:00:00,90.0
LeetCode,Weekly Contest 120,2019-01-20 08:00:00,90.0
LeetCode,Weekly Contest 119,2019-01-13 08:00:00,90.0
LeetCode,Weekly Contest 118,2019-01-06 08:00:00,90.0
LeetCode,Weekly Contest 117,2018-12-30 08:00:00,90.0
LeetCode,Weekly Contest 116,2018-12-23 08:00:00,90.0
LeetCode,Weekly Contest 115,2018-12-16 08:00:00,90.0
LeetCode,Weekly Contest 114,2018-12-09 08:00:00,90.0
LeetCode,Weekly Contest 113,2018-12-02 08:00:00,90.0
LeetCode,Weekly Contest 112,2018-11-25 08:00:00,90.0
LeetCode,Weekly Contest 111,2018-11-18 08:00:00,90.0
LeetCode,Weekly Contest 110,2018-11-11 08:00:00,90.0
LeetCode,Weekly Contest 109,2018-11-04 07:00:00,90.0
LeetCode,Weekly Contest 108,2018-10-28 07:00:00,90.0
LeetCode,Weekly Contest 107,2018-10-21 07:00:00,90.0
LeetCode,Weekly Contest 106,2018-10-14 07:00:00,90.0
LeetCode,Weekly Contest 105,2018-10-07 07:00:00,90.0
LeetCode,Weekly Contest 104,2018-09-30 07:00:00,90.0
LeetCode,Weekly Contest 103,2018-09-23 07:00:00,90.0
LeetCode,Weekly Contest 102,2018-09-16 07:00:00,90.0
LeetCode,Weekly Contest 101,2018-09-09 07:00:00,105.0
LeetCode,Weekly Contest 100,2018-09-02 07:00:00,90.0
LeetCode,Weekly Contest 99,2018-08-26 07:00:00,90.0
LeetCode,Weekly Contest 98,2018-08-19 07:00:00,90.0
LeetCode,Weekly Contest 97,2018-08-12 07:00:00,90.0
LeetCode,Weekly Contest 96,2018-08-05 07:00:00,90.0
LeetCode,Weekly Contest 95,2018-07-29 07:00:00,90.0
LeetCode,Weekly Contest 94,2018-07-22 07:00:00,90.0
LeetCode,Weekly Contest 93,2018-07-15 07:00:00,90.0
LeetCode,Weekly Contest 92,2018-07-08 07:00:00,90.0
LeetCode,Weekly Contest 91,2018-07-01 07:00:00,90.0
LeetCode,Weekly Contest 90,2018-06-24 07:00:00,90.0
LeetCode,Weekly Contest 89,2018-06-17 07:00:00,90.0
LeetCode,Weekly Contest 88,2018-06-10 07:00:00,90.0
LeetCode,Weekly Contest 87,2018-06-03 07:00:00,90.0
LeetCode,Weekly Contest 86,2018-05-27 07:00:00,90.0
LeetCode,Weekly Contest 85,2018-05-20 07:00:00,90.0
LeetCode,Weekly Contest 84,2018-05-13 07:00:00,90.0
LeetCode,Weekly Contest 83,2018-05-06 07:00:00,90.0
LeetCode,Weekly Contest 82,2018-04-29 07:00:00,90.0
LeetCode,Weekly Contest 81,2018-04-22 07:00:00,90.0
LeetCode,Weekly Contest 80,2018-04-15 07:00:00,90.0
LeetCode,Weekly Contest 79,2018-04-08 07:00:00,90.0
LeetCode,Weekly Contest 78,2018-04-01 07:00:00,90.0
LeetCode,Weekly Contest 77,2018-03-25 07:00:00,90.0
LeetCode,Weekly Contest 76,2018-03-18 07:00:00,90.0
LeetCode,Weekly Contest 75,2018-03-11 08:00:00,90.0
LeetCode,Weekly Contest 74,2018-03-04 08:00:00,90.0
LeetCode,Weekly Contest 73,2018-02-25 08:00:00,90.0
LeetCode,Weekly Contest 72,2018-02-18 08:00:00,90.0
LeetCode,Weekly Contest 71,2018-02-11 08:00:00,90.0
LeetCode,Weekly Contest 70,2018-02-04 08:00:00,90.0
LeetCode,Weekly Contest 69,2018-01-28 08:00:00,90.0
LeetCode,Weekly Contest 68,2018-01-21 08:00:00,90.0
LeetCode,Weekly Contest 67,2018-01-14 08:00:00,90.0
LeetCode,Weekly Contest 66,2018-01-07 08:00:00,90.0
LeetCode,Weekly Contest 65,2017-12-31 08:00:00,90.0
LeetCode,Weekly Contest 64,2017-12-24 08:00:00,90.0
LeetCode,Weekly Contest 63,2017-12-17 08:00:00,90.0
LeetCode,Weekly Contest 62,2017-12-10 08:00:00,90.0
LeetCode,Weekly Contest 61,2017-12-03 08:00:00,90.0
LeetCode,Weekly Contest 60,2017-11-26 08:00:00,90.0
LeetCode,Weekly Contest 59,2017-11-19 08:00:00,90.0
LeetCode,Weekly Contest 58,2017-11-12 08:00:00,110.0
LeetCode,Weekly Contest 57,2017-11-05 07:00:00,90.0
LeetCode,Weekly Contest 56,2017-10-29 07:00:00,90.0
LeetCode,Weekly Contest 55,2017-10-22 07:00:00,90.0
LeetCode,Weekly Contest 54,2017-10-15 07:00:00,90.0
LeetCode,Weekly Contest 53,2017-10-08 07:00:00,90.0
LeetCode,Weekly Contest 52,2017-10-01 07:00:00,90.0
LeetCode,Weekly Contest 51,2017-09-24 07:00:00,90.0
LeetCode,Weekly Contest 50,2017-09-17 07:00:00,90.0
LeetCode,Weekly Contest 49,2017-09-10 07:00:00,90.0
LeetCode,Weekly Contest 48,2017-09-03 07:00:00,90.0
LeetCode,Weekly Contest 47,2017-08-27 07:00:00,90.0
LeetCode,Weekly Contest 46,2017-08-20 07:00:00,90.0
LeetCode,Weekly Contest 45,2017-08-13 07:00:00,90.0
LeetCode,Weekly Contest 44,2017-08-06 07:00:00,90.0
LeetCode,Weekly Contest 43,2017-07-30 07:00:00,90.0
LeetCode,Weekly Contest 42,2017-07-23 07:00:00,90.0
LeetCode,Weekly Contest 41,2017-07-16 07:00:00,90.0
LeetCode,Weekly Contest 40,2017-07-09 07:00:00,90.0
LeetCode,Weekly Contest 39,2017-07-02 07:00:00,90.0
LeetCode,Weekly Contest 38,2017-06-25 07:00:00,90.0
LeetCode,Weekly Contest 37,2017-06-18 07:00:00,90.0
LeetCode,Weekly Contest 36,2017-06-11 07:00:00,90.0
LeetCode,Weekly Contest 35,2017-06-04 07:00:00,90.0
LeetCode,Weekly Contest 34,2017-05-28 07:00:00,90.0
LeetCode,Weekly Contest 33,2017-05-21 07:00:00,90.0
LeetCode,Weekly Contest 32,2017-05-14 07:00:00,90.0
LeetCode,Weekly Contest 31,2017-05-07 07:00:00,90.0
LeetCode,Weekly Contest 30,2017-04-30 07:00:00,90.0
LeetCode,Weekly Contest 29,2017-04-23 07:00:00,90.0
LeetCode,Weekly Contest 28,2017-04-16 07:00:00,90.0
LeetCode,Weekly Contest 27,2017-04-09 07:00:00,90.0
LeetCode,Weekly Contest 26,2017-04-02 07:00:00,90.0
LeetCode,Weekly Contest 25,2017-03-26 07:00:00,90.0
LeetCode,Weekly Contest 24,2017-03-19 07:00:00,90.0
LeetCode,Weekly Contest 23,2017-03-12 08:00:00,105.0
LeetCode,Weekly Contest 22,2017-03-05 08:00:00,90.0
LeetCode,Weekly Contest 21,2017-02-26 08:00:00,90.0
LeetCode,Weekly Contest 20,2017-02-19 08:00:00,90.0
LeetCode,Weekly Contest 19,2017-02-12 08:00:00,100.0
LeetCode,Weekly Contest 18B,2017-02-05 08:00:00,90.0
LeetCode,Weekly Contest 18A,2017-02-04 21:00:00,90.0
LeetCode,Weekly Contest 17,2017-01-29 08:00:00,90.0
LeetCode,Weekly Contest 16B,2017-01-22 08:00:00,90.0
LeetCode,Weekly Contest 16A,2017-01-21 21:00:00,90.0
LeetCode,Weekly Contest 15,2017-01-15 08:00:00,90.0
LeetCode,Weekly Contest 14,2017-01-08 08:00:00,120.0
LeetCode,Weekly Contest 13,2016-12-18 08:00:00,120.0
LeetCode,Weekly Contest 12,2016-12-11 08:00:00,120.0
LeetCode,Weekly Contest 11,2016-12-04 08:00:00,120.0
LeetCode,Weekly Contest 10,2016-11-20 08:00:00,150.0
LeetCode,Smarking Algorithm Contest 4,2016-11-13 08:00:00,150.0
LeetCode,Smarking Algorithm Contest 3,2016-11-06 07:00:00,150.0
LeetCode,Smarking Algorithm Contest 2,2016-10-30 07:00:00,150.0
LeetCode,Smarking Algorithm Contest,2016-10-23 07:00:00,150.0
LeetCode,Weekly Contest 9,2016-10-16 07:00:00,150.0
LeetCode,Weekly Contest 8,2016-10-09 07:00:00,150.0
LeetCode,Weekly Contest 7,2016-10-02 07:00:00,150.0
LeetCode,Weekly Contest 6,2016-09-25 07:00:00,150.0
LeetCode,Weekly Contest 5,2016-09-18 07:00:00,150.0
LeetCode,Weekly Contest 4,2016-09-11 07:00:00,150.0
LeetCode,Weekly Contest 3,2016-09-04 17:30:00,150.0
LeetCode,Weekly Contest 2,2016-08-28 07:00:00,150.0
LeetCode,Warm Up Contest,2016-08-21 05:30:00,1440.0
